{
  "messages": 9000,
  "seconds": 1.8976814999987255,
  "throughput": 4742.6293611472975,
  "rss_mb": 350.87890625
}